{"cameraMode":{"drawMode":0,"name":"Shaded","section":"Shading Mode"},"sceneLighting":true,"audioPlay":false,"sceneViewState":{"showFog":true,"showMaterialUpdate":false,"showSkybox":true,"showFlares":true,"showImageEffects":true,"showParticleSystems":true},"in2DMode":false,"pivot":{"x":392.07000732421877,"y":-33987.65234375,"z":-36.198997497558597},"rotation":{"x":-0.5215806365013123,"y":-0.453031450510025,"z":-0.6107727885246277,"w":0.3868813216686249},"size":3.3151967525482179,"orthographic":true}