{"cameraMode":{"drawMode":0,"name":"Shaded","section":"Shading Mode"},"sceneLighting":true,"audioPlay":false,"sceneViewState":{"showFog":true,"showMaterialUpdate":false,"showSkybox":true,"showFlares":true,"showImageEffects":true,"showParticleSystems":true},"in2DMode":false,"pivot":{"x":395.1480407714844,"y":201.04229736328126,"z":-35.011131286621097},"rotation":{"x":-0.1387963593006134,"y":0.7704591155052185,"z":-0.1795032024383545,"w":-0.5957434773445129},"size":2.759575366973877,"orthographic":true}