{"cameraMode":{"drawMode":0,"name":"Shaded","section":"Shading Mode"},"sceneLighting":true,"audioPlay":false,"sceneViewState":{"showFog":true,"showMaterialUpdate":false,"showSkybox":true,"showFlares":true,"showImageEffects":true,"showParticleSystems":true},"in2DMode":false,"pivot":{"x":392.4346008300781,"y":205.3418426513672,"z":-34.540733337402347},"rotation":{"x":0.37056490778923037,"y":0.6103089451789856,"z":-0.38809460401535036,"w":0.5827425718307495},"size":8.09829330444336,"orthographic":true}